{
  "MSE": 1.831136703491211,
  "RMSE": 1.3531949983247835,
  "SCC": 0.5660374279608722,
  "AUC_all": 0.8605489657893794,
  "AUPR_all": 0.8030860572237133,
  "AUC_drug": 0.860343894184152,
  "AUPR_drug": 0.8042970298178085,
  "Precision": 0.889967637540453,
  "Recall": 0.8405501782985226,
  "Accuracy": 0.8605529332434255
}